Product Name,Before,During,Change_%
Laptop,69142.5009,987.8270000000001,-98.57131722581356
Board Game,62045.4247,1613.0558,-97.40020185565753
Shoes,65765.2806,2769.3376,-95.78905833787319
Vacuum,69238.37,3141.4371,-95.46286676015049
Novel,70132.7011,5856.3141,-91.64966697682203
