Product Category,Before,During,Change_%
Toys,70446.747,346.256,-99.5084854663339
Books,70227.0683,1655.0519000000002,-97.64328493262761
Clothing,73580.4423,3934.7333,-94.65247397677032
Electronics,63261.4235,4130.9614,-93.47001510328012
Home,58808.5962,4300.969,-92.68649606024773
