Payment Method,Before,During,Change_%
PayPal,119027.1298,5022.8549,-95.78007559416089
Bank Transfer,111042.086,4763.4353,-95.71024332161771
Credit Card,106255.0615,4581.6813999999995,-95.68803468247016
